ID,UDF0,UDF1,UDF2,UDF3,UDF4,UDF25,UDF6,UDF7,UDF8,UDF9
7,,,,,,,,,,
10003,,,,,,,,,,
102035,,,,,,,,,,
111,,,,,,,,,,
1111,,,,,,,,,,
115060142,,,,,,,,,,
123,,,,@JaneSmith,,,,,,
12345,,Crystal Allen,,,,,,,,
123456,,,,,,,,,,
129531,,,,@2013-123System Admin,,,,,,
2013-123,,,,,,,,,,
44567,,,,@AlmaChavez,,,,,,
7,,,,@AndasAngelsberg,,,,,,
9001,100,Crystal Allen,,@AndyAlongi,,test,test,,,test
9002,100,Crystal Allen,,@AndreaSimpson,,,,,,
9003,100,Crystal Allen,First,@AndrewZook,,,,,,
9004,100,Crystal Allen,,@AngelaFass,,,,,,
9005,100,Crystal Allen,,@AnnFortner,,,,,,
9006,100,Crystal Allen,,@AnneCarthan,,,,,,
9007,100,Crystal Allen,,@AshleyPortillo,,,,,,
9008,100,Crystal Allen,,@BillDavis,,,,,,
9009,100,Crystal Allen,,@BonnieBolzenius,,,,,,
9010,100,Crystal Allen,,@BrendaTerranova-Judge,,,,,,
9011,100,Crystal Allen,,@BrianKapci,,,,,,
9012,100,Crystal Allen,,@CarolBrumfield,,,,,,
9013,100,Crystal Allen,First Aid,@CarolWilshusen,,,,,,
9014,110,Crystal Allen,,@ChristinaLaRochelle,,,,,,
9015,110,Crystal Allen,,@ChristineMader,,,,,,
9016,110,Crystal Allen,,@CindyPhoenix,,,,,,
9017,110,Crystal Allen,,@CoreyBennett,,,,,,
9018,110,Crystal Allen,,@CraigFlowers,,,,,,
9019,110,Crystal Allen,,@CrisFox,,,,,,
9020,110,Crystal Allen,,@CynthiaGreco,,,,,,
9021,110,Crystal Allen,First Aid,@DanielRosevear,,,,,,
9024,110,Crystal Allen,,@DanielleOleson,,,,,,
9025,110,Crystal Allen,,@DarrellArevalo,,,,,,
9026,150,Crystal Allen,,@DebbieConners,,,,,,
9027,150,Crystal Allen,,@DebbieHellar,,,,,,
9028,150,Crystal Allen,Fire Warden,@DebbieKretschmer,,,,,,
9029,150,Crystal Allen,,@DebiBrown,,,,,,
9030,150,Crystal Allen,,@DeniseCutliff,,,,,,
9031,150,Crystal Allen,,@DharmeshCollins,,,,,,
9032,150,Crystal Allen,,@DianaPavlik,,,,,,
9033,150,Crystal Allen,,@DianeEllis,,,,,,
9034,150,Crystal Allen,,@EdnaRahmanzai,,,,,,
9035,150,Crystal Allen,,@EleanorConcepcion,,,,,,
9036,150,Crystal Allen,,@EliciaTakamura,,,,,,
9037,150,Crystal Allen,First Aid,@EricHuddleston,,,,,,
9038,150,Crystal Allen,Fire Warden,@EvieNakamura,,,,,,
9039,150,Crystal Allen,,@FahimaMeehan,,,,,,
9040,150,Crystal Allen,,@HelenHall,,,,,,
9041,150,Crystal Allen,,@IsaacFlores,,,,,,
9042,150,Crystal Allen,,@JaneMensah,,,,,,
9043,150,Crystal Allen,,@JanetDaugherty,,,,,,
9044,150,Crystal Allen,First Aid,@JaniceShirey,,,,,,
9045,150,Crystal Allen,,@JasonGabriel,,,,,,
9046,150,Crystal Allen,,@JayShevelson,,,,,,
9047,160,Crystal Allen,,@JenniferEnrique,,,,,,
9048,160,Crystal Allen,,@JenniferHernandez,,,,,,
9049,160,Crystal Allen,,@JenniferPfeuffer,,,,,,
9050,160,Crystal Allen,Fire Warden,@JenniferSaldin-Hogenson,,,,,,
9051,160,Crystal Allen,,@JerryChristolos,,,,,,
9052,160,Crystal Allen,,@JoDeeIdul,,,,,,
9053,160,Crystal Allen,,@JudiSmith,,,,,,
9054,160,Crystal Allen,,@JulieChillappagari,,,,,,
9055,160,Crystal Allen,,@JulieFauvre,,,,,,
9056,160,Crystal Allen,,@JulieHuff,,,,,,
9057,160,Crystal Allen,,@KathyCrow,,,,,,
9058,160,Crystal Allen,,@KellyCardinaui,,,,,,
9059,160,Crystal Allen,First Aid,@KevinBecker,,,,,,
9060,160,Crystal Allen,,@KristenJones,,,,,,
9061,160,Crystal Allen,,@LauraStone-Hickman,,,,,,
9062,160,Crystal Allen,,@LeslieLambert,,,,,,
9063,160,Crystal Allen,,,,,,,,
9064,160,Crystal Allen,,@LindaVienna,,,,,,
9065,160,Crystal Allen,,,,,,,,
9066,160,Crystal Allen,,,,,,,,
9067,160,Crystal Allen,,,,,,,,
9068,160,Crystal Allen,,,,,,,,
9069,160,Crystal Allen,Fire Warden,,,,,,,
9070,160,Crystal Allen,,,,,,,,
9071,160,Crystal Allen,,,,,,,,
9072,160,Crystal Allen,,,,,,,,
9073,160,Crystal Allen,,,,,,,,
9074,160,Crystal Allen,,,,,,,,
9075,160,Crystal Allen,,,,,,,,
9076,160,Crystal Allen,,,,,,,,
9077,160,Crystal Allen,,,,,,,,
9078,170,Crystal Allen,,,,,,,,
9079,170,Crystal Allen,,,,,,,,
9080,170,Crystal Allen,First Aid,,,,,,,
9081,170,Crystal Allen,,,,,,,,
9082,170,Crystal Allen,,,,,,,,
9083,170,Crystal Allen,,,,,,,,
9084,170,Crystal Allen,Fire Warden,,,,,,,
9085,170,Crystal Allen,,,,,,,,
9086,170,Crystal Allen,,,,,,,,
9087,170,Crystal Allen,,,,,,,,
9088,170,Crystal Allen,,,,,,,,
9089,170,Crystal Allen,,,,,,,,
9090,170,Crystal Allen,,,,,,,,
9091,170,Crystal Allen,,,,,,,,
9092,170,Crystal Allen,,,,,,,,
9093,170,Crystal Allen,First Aid,,,,,,,
9094,170,Crystal Allen,,,,,,,,
9095,170,Crystal Allen,,,,,,,,
9096,170,Crystal Allen,,,,,,,,
9097,170,Crystal Allen,,,,,,,,
9098,170,Crystal Allen,,,,,,,,
9099,170,Crystal Allen,,,,,,,,
9100,170,Crystal Allen,,,,,,,,
9101,170,Crystal Allen,First Aid,,,,,,,
9102,170,Crystal Allen,,,,,,,,
9103,170,Crystal Allen,,,,,,,,
9104,170,Crystal Allen,,,,,,,,
9105,170,Crystal Allen,Fire Warden,,,,,,,
9106,170,Crystal Allen,,,,,,,,
9107,170,Crystal Allen,,,,,,,,
9108,170,Crystal Allen,,,,,,,,
9109,170,Crystal Allen,,,,,,,,
9110,170,Crystal Allen,,,,,,,,
9111,170,Crystal Allen,,,,,,,,
9112,170,Crystal Allen,,,,,,,,
9113,170,Crystal Allen,Fire Warden,,,,,,,
9114,170,Crystal Allen,,,,,,,,
9115,180,Crystal Allen,,,,,,,,
9116,180,Crystal Allen,,,,,,,,
9117,180,Crystal Allen,,,,,,,,
9118,180,Crystal Allen,,,,,,,,
9119,180,Crystal Allen,,,,,,,,
9120,180,Crystal Allen,,,,,,,,
9121,180,Crystal Allen,,,,,,,,
9122,180,Crystal Allen,,,,,,,,
9123,180,Crystal Allen,,,,,,,,
9124,180,Crystal Allen,,,,,,,,
9125,180,Crystal Allen,,,,,,,,
9126,180,Crystal Allen,,,,,,,,
9127,180,Crystal Allen,,,,,,,,
9128,180,Crystal Allen,,,,,,,,
9129,180,Crystal Allen,,,,,,,,
9130,180,Crystal Allen,,,,,,,,
9131,180,Crystal Allen,,,,,,,,
9132,180,Crystal Allen,,,,,,,,
9133,180,Crystal Allen,,,,,,,,
9134,200,Gloria Thomas,,,,,,,,
9135,200,Gloria Thomas,,,,,,,,
9136,200,Gloria Thomas,,,,,,,,
9137,200,Gloria Thomas,,,,,,,,
9138,200,Gloria Thomas,,,,,,,,
9139,210,Gloria Thomas,First Aid,,,,,,,
9140,210,Gloria Thomas,,,,,,,,
9141,210,Gloria Thomas,,,,,,,,
9142,210,Gloria Thomas,,,,,,,,
9143,210,Gloria Thomas,,,,,,,,
9144,210,Gloria Thomas,,,,,,,,
9145,210,Gloria Thomas,,,,,,,,
9146,210,Gloria Thomas,,,,,,,,
9147,210,Gloria Thomas,,,,,,,,
9148,210,Gloria Thomas,Fire Warden,,,,,,,
9149,210,Gloria Thomas,,,,,,,,
9150,250,Gloria Thomas,,,,,,,,
9151,250,Gloria Thomas,,,,,,,,
9152,250,Gloria Thomas,,,,,,,,
9153,250,Gloria Thomas,,,,,,,,
9154,250,Gloria Thomas,,,,,,,,
9155,250,Gloria Thomas,First Aid,,,,,,,
9156,250,Gloria Thomas,,,,,,,,
9157,320,Aga Capelli,,,,,,,,
9158,320,Aga Capelli,,,,,,,,
9159,320,Aga Capelli,,,,,,,,
9160,320,Aga Capelli,,,,,,,,
9161,320,Aga Capelli,,,,,,,,
9162,320,Aga Capelli,,,,,,,,
9163,320,Aga Capelli,,,,,,,,
9164,320,Aga Capelli,,,,,,,,
9165,320,Aga Capelli,,,,,,,,
9166,320,Aga Capelli,,,,,,,,
9167,320,Aga Capelli,First Aid,,,,,,,
9168,320,Aga Capelli,Fire Warden,,,,,,,
9169,320,Aga Capelli,,,,,,,,
9170,320,Aga Capelli,,,,,,,,
9171,320,Aga Capelli,,,,,,,,
9172,320,Aga Capelli,,,,,,,,
9173,320,Aga Capelli,,,,,,,,
9174,320,Aga Capelli,,,,,,,,
9175,340,Aga Capelli,,,,,,,,
9176,340,Aga Capelli,,,,,,,,
9177,340,Aga Capelli,,,,,,,,
9178,340,Aga Capelli,,,,,,,,
9179,340,Aga Capelli,Fire Warden,,,,,,,
9180,340,Aga Capelli,,,,,,,,
9181,340,Aga Capelli,,,,,,,,
9182,340,Aga Capelli,,,,,,,,
9183,340,Aga Capelli,First Aid,,,,,,,
9184,340,Aga Capelli,,,,,,,,
9185,340,Aga Capelli,,,,,,,,
9186,340,Aga Capelli,,,,,,,,
9187,340,Aga Capelli,,,,,,,,
9188,340,Aga Capelli,,,,,,,,
9189,340,Aga Capelli,,,,,,,,
9190,340,Aga Capelli,First Aid,,,,,,,
9191,340,Aga Capelli,,,,,,,,
9192,340,Aga Capelli,,,,,,,,
9193,340,Aga Capelli,,,,,,,,
9194,340,Aga Capelli,,,,,,,,
9195,340,Aga Capelli,,,,,,,,
9196,340,Aga Capelli,,,,,,,,
9197,340,Aga Capelli,,,,,,,,
9198,340,Aga Capelli,,,,,,,,
9199,340,Aga Capelli,,,,,,,,
9200,340,Aga Capelli,,,,,,,,
9201,340,Aga Capelli,,,,,,,,
9202,340,Aga Capelli,First Aid,,,,,,,
9203,340,Aga Capelli,,,,,,,,
9204,340,Aga Capelli,,,,,,,,
9205,340,Aga Capelli,Fire Warden,,,,,,,
9206,340,Aga Capelli,,,,,,,,
9207,340,Aga Capelli,,,,,,,,
9208,340,Aga Capelli,,,,,,,,
9209,340,Aga Capelli,,,,,,,,
9210,340,Aga Capelli,,,,,,,,
9211,340,Aga Capelli,,,,,,,,
9212,340,Aga Capelli,,,,,,,,
9213,360,Aga Capelli,,,,,,,,
9214,360,Aga Capelli,First Aid,,,,,,,
9215,360,Aga Capelli,,,,,,,,
9216,360,Aga Capelli,,,,,,,,
9217,360,Aga Capelli,Fire Warden,,,,,,,
9218,360,Aga Capelli,,,,,,,,
9219,360,Aga Capelli,,,,,,,,
9220,360,Aga Capelli,,,,,,,,
9221,360,Aga Capelli,,,,,,,,
9222,360,Aga Capelli,,,,,,,,
9223,360,Aga Capelli,,,,,,,,
9224,360,Aga Capelli,,,,,,,,
9225,360,Aga Capelli,,,,,,,,
9226,360,Aga Capelli,,,,,,,,
9227,360,Aga Capelli,,,,,,,,
9228,360,Aga Capelli,,,,,,,,
9229,360,Aga Capelli,Fire Warden,,,,,,,
9230,360,Aga Capelli,,,,,,,,
9231,360,Aga Capelli,,,,,,,,
9232,360,Aga Capelli,First Aid,,,,,,,
9233,360,Aga Capelli,Fire Warden,,,,,,,
9234,360,Aga Capelli,First Aid,,,,,,,
9235,360,Aga Capelli,,,,,,,,
9236,360,Aga Capelli,,,,,,,,
9237,360,Aga Capelli,,,,,,,,
9238,360,Aga Capelli,,,,,,,,
9239,360,Aga Capelli,,,,,,,,
9240,360,Aga Capelli,,,,,,,,
9241,360,Aga Capelli,,,,,,,,
9242,360,Aga Capelli,,,,,,,,
9243,360,Aga Capelli,,,,,,,,
9244,360,Aga Capelli,,,,,,,,
9245,370,Aga Capelli,,,,,,,,
9246,370,Aga Capelli,Fire Warden,,,,,,,
9247,370,Aga Capelli,Fire Warden,,,,,,,
9248,370,Aga Capelli,,,,,,,,
9249,370,Aga Capelli,,,,,,,,
9250,370,Aga Capelli,First Aid,,,,,,,
9251,370,Aga Capelli,,,,,,,,
9252,370,Aga Capelli,,,,,,,,
9253,370,Aga Capelli,,,,,,,,
9254,370,Aga Capelli,,,,,,,,
9255,370,Aga Capelli,,,,,,,,
9256,370,Aga Capelli,,,,,,,,
9257,370,Aga Capelli,,,,,,,,
9258,370,Aga Capelli,,,,,,,,
9259,370,Aga Capelli,,,,,,,,
9260,370,Aga Capelli,,,,,,,,
9261,370,Aga Capelli,,,,,,,,
9262,370,Aga Capelli,,,,,,,,
9263,370,Aga Capelli,Fire Warden,,,,,,,
9264,370,Aga Capelli,,,,,,,,
9265,370,Aga Capelli,,,,,,,,
9266,370,Aga Capelli,,,,,,,,
9267,370,Aga Capelli,,,,,,,,
9268,370,Aga Capelli,,,,,,,,
9269,370,Aga Capelli,,,,,,,,
9270,370,Aga Capelli,,,,,,,,
9271,370,Aga Capelli,,,,,,,,
9272,370,Aga Capelli,,,,,,,,
9273,370,Aga Capelli,,,,,,,,
9274,370,Aga Capelli,Fire Warden,,,,,,,
9275,370,Aga Capelli,,,,,,,,
9276,370,Aga Capelli,,,,,,,,
9277,380,Aga Capelli,,,,,,,,
9278,380,Aga Capelli,,,,,,,,
9279,380,Aga Capelli,,,,,,,,
9280,380,Aga Capelli,,,,,,,,
9281,380,Aga Capelli,,,,,,,,
9282,380,Aga Capelli,,,,,,,,
9283,380,Aga Capelli,,,,,,,,
9284,380,Aga Capelli,,,,,,,,
9285,380,Aga Capelli,,,,,,,,
9286,380,Aga Capelli,,,,,,,,
9287,380,Aga Capelli,,,,,,,,
9288,380,Aga Capelli,,,,,,,,
9289,380,Aga Capelli,,,,,,,,
9290,380,Aga Capelli,,,,,,,,
9291,380,Aga Capelli,,,,,,,,
9292,380,Aga Capelli,,,,,,,,
9293,380,Aga Capelli,,,,,,,,
9294,380,Aga Capelli,,,,,,,,
9295,380,Aga Capelli,,,,,,,,
9296,380,Aga Capelli,,,,,,,,
9297,380,Aga Capelli,,,,,,,,
9298,400,Peri Yang,,,,,,,,
9299,400,Peri Yang,Fire Warden,,,,,,,
9300,400,Peri Yang,,,,,,,,
9301,400,Peri Yang,,,,,,,,
9302,400,Peri Yang,,,,,,,,
9303,400,Peri Yang,,,,,,,,
9304,400,Peri Yang,,,,,,,,
9305,400,Peri Yang,,,,,,,,
9306,400,Peri Yang,,,,,,,,
9307,400,Peri Yang,,,,,,,,
9308,400,Peri Yang,,,,,,,,
9309,410,Peri Yang,,,,,,,,
9310,410,Peri Yang,,,,,,,,
9311,410,Peri Yang,First Aid,,,,,,,
9312,410,Peri Yang,,,,,,,,
9314,2000,Richard Dwyer,,,,,,,,
9315,2000,Richard Dwyer,First Aid,,,,,,,
9316,2000,Richard Dwyer,,,,,,,,
9317,2000,Richard Dwyer,,,,,,,,
9318,2000,Richard Dwyer,,,,,,,,
9319,2000,Richard Dwyer,,,,,,,,
9320,2000,Richard Dwyer,,,,,,,,
9321,2000,Richard Dwyer,,,,,,,,
9322,2000,Richard Dwyer,,,,,,,,
9323,2000,Richard Dwyer,,,,,,,,
9324,2000,Richard Dwyer,,,,,,,,
9325,2000,Richard Dwyer,First Aid,,,,,,,
9326,2000,Richard Dwyer,,,,,,,,
9327,2000,Richard Dwyer,,,,,,,,
9328,2000,Richard Dwyer,,,,,,,,
9329,2000,Richard Dwyer,,,,,,,,
9330,500,Scott Ashraf,,,,,,,,
9331,500,Scott Ashraf,,,,,,,,
9332,500,Scott Ashraf,,,,,,,,
9333,500,Scott Ashraf,,,,,,,,
9334,500,Scott Ashraf,,,,,,,,
9335,500,Scott Ashraf,,,,,,,,
9336,500,Scott Ashraf,Fire Warden,,,,,,,
9337,510,Scott Ashraf,,,,,,,,
9338,510,Scott Ashraf,,,,,,,,
9339,510,Scott Ashraf,,,,,,,,
9340,510,Scott Ashraf,Fire Warden,,,,,,,
9341,510,Scott Ashraf,,,,,,,,
9342,510,Scott Ashraf,,,,,,,,
9343,510,Scott Ashraf,,,,,,,,
9344,510,Scott Ashraf,,,,,,,,
9345,530,Scott Ashraf,,,,,,,,
9346,530,Scott Ashraf,,,,,,,,
9347,530,Scott Ashraf,,,,,,,,
9348,530,Scott Ashraf,,,,,,,,
9349,530,Scott Ashraf,,,,,,,,
9350,530,Scott Ashraf,,,,,,,,
9351,590,Scott Ashraf,,,,,,,,
9352,590,Scott Ashraf,,,,,,,,
9353,590,Scott Ashraf,,,,,,,,
9354,590,Scott Ashraf,,,,,,,,
9355,590,Scott Ashraf,,,,,,,,
9356,590,Scott Ashraf,,,,,,,,
9357,590,Scott Ashraf,First Aid,,,,,,,
9358,590,Scott Ashraf,,,,,,,,
9359,600,Winston Abdon,,,,,,,,
9360,600,Winston Abdon,,,,,,,,
9361,600,Winston Abdon,First Aid,,,,,,,
9362,600,Winston Abdon,,,,,,,,
9363,600,Winston Abdon,,,,,,,,
9364,600,Winston Abdon,,,,,,,,
9365,600,Winston Abdon,,,,,,,,
9366,600,Winston Abdon,,,,,,,,
9367,600,Winston Abdon,,,,,,,,
9368,600,Winston Abdon,,,,,,,,
9369,600,Winston Abdon,,,,,,,,
9370,600,Winston Abdon,,,,,,,,
9371,600,Winston Abdon,,,,,,,,
9372,600,Winston Abdon,,,,,,,,
9373,600,Winston Abdon,,,,,,,,
9374,600,Winston Abdon,,,,,,,,
9375,600,Winston Abdon,,,,,,,,
9376,630,Winston Abdon,,,,,,,,
9377,630,Winston Abdon,,,,,,,,
9378,630,Winston Abdon,,,,,,,,
9379,630,Winston Abdon,,,,,,,,
9380,630,Winston Abdon,,,,,,,,
9381,630,Winston Abdon,,,,,,,,
9382,630,Winston Abdon,,,,,,,,
9383,630,Winston Abdon,,,,,,,,
9384,630,Winston Abdon,,,,,,,,
9385,630,Winston Abdon,,,,,,,,
9386,630,Winston Abdon,,,,,,,,
9387,630,Winston Abdon,,,,,,,,
9388,630,Winston Abdon,,,,,,,,
9389,630,Winston Abdon,,,,,,,,
9390,660,Winston Abdon,,,,,,,,
9391,660,Winston Abdon,,,,,,,,
9392,660,Winston Abdon,,,,,,,,
9393,660,Winston Abdon,,,,,,,,
9394,660,Winston Abdon,,,,,,,,
9395,660,Winston Abdon,,,,,,,,
9396,660,Winston Abdon,,,,,,,,
9397,660,Winston Abdon,Fire Warden,,,,,,,
9398,660,Winston Abdon,,,,,,,,
9399,660,Winston Abdon,,,,,,,,
9400,660,Winston Abdon,First Aid,,,,,,,
9401,660,Winston Abdon,,,,,,,,
9402,660,Winston Abdon,,,,,,,,
9403,660,Winston Abdon,,,,,,,,
9404,660,Winston Abdon,,,,,,,,
9405,660,Winston Abdon,,,,,,,,
9406,660,Winston Abdon,,,,,,,,
9407,660,Winston Abdon,,,,,,,,
9408,660,Winston Abdon,,,,,,,,
9409,660,Winston Abdon,First Aid,,,,,,,
9410,660,Winston Abdon,,,,,,,,
9411,660,Winston Abdon,,,,,,,,
9412,680,Winston Abdon,,,,,,,,
9413,680,Winston Abdon,,,,,,,,
9414,680,Winston Abdon,,,,,,,,
9415,680,Winston Abdon,Fire Warden,,,,,,,
9416,680,Winston Abdon,,,,,,,,
9417,680,Winston Abdon,,,,,,,,
9418,680,Winston Abdon,,,,,,,,
9419,680,Winston Abdon,,,,,,,,
9420,680,Winston Abdon,,,,,,,,
9421,680,Winston Abdon,Fire Warden,,,,,,,
9422,680,Winston Abdon,,,,,,,,
9423,680,Winston Abdon,,,,,,,,
9424,680,Winston Abdon,,,,,,,,
9425,680,Winston Abdon,First Aid,,,,,,,
9426,680,Winston Abdon,,,,,,,,
9427,680,Winston Abdon,,,,,,,,
9428,680,Winston Abdon,,,,,,,,
9429,680,Winston Abdon,,,,,,,,
9430,680,Winston Abdon,Fire Warden,,,,,,,
9431,690,Winston Abdon,,,,,,,,
9432,690,Winston Abdon,,,,,,,,
9433,690,Winston Abdon,,,,,,,,
9434,690,Winston Abdon,,,,,,,,
9435,690,Winston Abdon,First Aid,,,,,,,
9436,700,Charles Stemple,,,,,,,,
9437,700,Charles Stemple,,,,,,,,
9438,700,Charles Stemple,,,,,,,,
9439,700,Charles Stemple,,,,,,,,
9440,700,Charles Stemple,,,,,,,,
9441,700,Charles Stemple,,,,,,,,
9442,700,Charles Stemple,,,,,,,,
9443,700,Charles Stemple,,,,,,,,
9444,700,Charles Stemple,,,,,,,,
9445,700,Charles Stemple,First Aid,,,,,,,
9446,700,Charles Stemple,,,,,,,,
9447,700,Charles Stemple,,,,,,,,
9448,740,Charles Stemple,,,,,,,,
9449,740,Charles Stemple,,,,,,,,
9450,740,Charles Stemple,Fire Warden,,,,,,,
9451,740,Charles Stemple,,,,,,,,
9452,740,Charles Stemple,,,,,,,,
9453,740,Charles Stemple,,,,,,,,
9454,800,Abbie Hendl,,,,,,,,
9455,800,Abbie Hendl,,,,,,,,
9456,800,Abbie Hendl,,,,,,,,
9457,800,Abbie Hendl,,,,,,,,
9458,800,Abbie Hendl,,,,,,,,
9459,800,Abbie Hendl,,,,,,,,
9460,800,Abbie Hendl,,,,,,,,
9461,800,Abbie Hendl,,,,,,,,
9462,800,Abbie Hendl,,,,,,,,
9463,800,Abbie Hendl,,,,,,,,
9464,800,Abbie Hendl,,,,,,,,
9465,800,Abbie Hendl,,,,,,,,
9466,800,Abbie Hendl,,,,,,,,
9467,800,Abbie Hendl,,,,,,,,
9468,800,Abbie Hendl,,,,,,,,
9469,800,Abbie Hendl,,,,,,,,
9470,800,Abbie Hendl,,,,,,,,
9471,800,Abbie Hendl,,,,,,,,
9472,800,Abbie Hendl,,,,,,,,
9473,810,Abbie Hendl,,,,,,,,
9474,810,Abbie Hendl,,,,,,,,
9475,810,Abbie Hendl,,,,,,,,
9476,810,Abbie Hendl,,,,,,,,
9477,810,Abbie Hendl,,,,,,,,
9478,810,Abbie Hendl,,,,,,,,
9479,810,Abbie Hendl,,,,,,,,
9480,810,Abbie Hendl,,,,,,,,
9481,810,Abbie Hendl,First Aid,,,,,,,
9482,810,Abbie Hendl,,,,,,,,
9483,810,Abbie Hendl,,,,,,,,
9484,810,Abbie Hendl,,,,,,,,
9485,810,Abbie Hendl,,,,,,,,
9486,810,Abbie Hendl,,,,,,,,
9487,820,Abbie Hendl,,,,,,,,
9488,820,Abbie Hendl,,,,,,,,
9489,820,Abbie Hendl,Fire Warden,,,,,,,
9490,820,Abbie Hendl,,,,,,,,
9491,820,Abbie Hendl,First Aid,,,,,,,
9492,820,Abbie Hendl,First Aid,,,,,,,
9493,820,Abbie Hendl,,,,,,,,
9494,820,Abbie Hendl,,,,,,,,
9495,820,Abbie Hendl,,,,,,,,
9496,820,Abbie Hendl,,,,,,,,
9497,820,Abbie Hendl,,,,,,,,
9498,820,Abbie Hendl,,,,,,,,
9499,820,Abbie Hendl,,,,,,,,
9500,820,Abbie Hendl,,,,,,,,
9501,820,Abbie Hendl,,,,,,,,
9502,820,Abbie Hendl,,,,,,,,
9503,820,Abbie Hendl,,,,,,,,
9504,820,Abbie Hendl,,,,,,,,
9505,820,Abbie Hendl,,,,,,,,
9506,820,Abbie Hendl,,,,,,,,
9507,820,Abbie Hendl,,,,,,,,
9508,820,Abbie Hendl,,,,,,,,
9509,820,Abbie Hendl,,,,,,,,
9510,820,Abbie Hendl,,,,,,,,
9511,820,Abbie Hendl,,,,,,,,
9512,820,Abbie Hendl,,,,,,,,
9513,820,Abbie Hendl,,,,,,,,
9514,820,Abbie Hendl,First Aid,,,,,,,
9515,820,Abbie Hendl,,,,,,,,
9516,820,Abbie Hendl,,,,,,,,
9517,820,Abbie Hendl,,,,,,,,
9518,830,Abbie Hendl,,,,,,,,
9519,830,Abbie Hendl,,,,,,,,
9520,830,Abbie Hendl,,,,,,,,
9521,830,Abbie Hendl,,,,,,,,
9522,830,Abbie Hendl,,,,,,,,
9523,830,Abbie Hendl,,,,,,,,
9524,830,Abbie Hendl,Fire Warden,,,,,,,
9525,830,Abbie Hendl,,,,,,,,
9526,830,Abbie Hendl,,,,,,,,
9527,830,Abbie Hendl,,,,,,,,
9528,830,Abbie Hendl,,,,,,,,
9529,830,Abbie Hendl,,,,,,,,
9530,830,Abbie Hendl,,,,,,,,
9531,830,Abbie Hendl,,,,,,,,
9532,830,Abbie Hendl,,,,,,,,
9533,830,Abbie Hendl,,,,,,,,
9534,830,Abbie Hendl,,,,,,,,
9535,830,Abbie Hendl,,,,,,,,
9536,830,Abbie Hendl,First Aid,,,,,,,
9537,830,Abbie Hendl,,,,,,,,
9538,830,Abbie Hendl,,,,,,,,
9539,830,Abbie Hendl,,,,,,,,
9540,830,Abbie Hendl,,,,,,,,
9541,830,Abbie Hendl,Fire Warden,,,,,,,
9542,830,Abbie Hendl,,,,,,,,
9543,830,Abbie Hendl,,,,,,,,
9544,830,Abbie Hendl,,,,,,,,
9545,830,Abbie Hendl,,,,,,,,
9546,830,Abbie Hendl,,,,,,,,
9547,830,Abbie Hendl,,,,,,,,
9548,880,Abbie Hendl,,,,,,,,
9549,880,Abbie Hendl,,,,,,,,
9550,880,Abbie Hendl,First Aid,,,,,,,
9551,880,Abbie Hendl,,,,,,,,
9552,910,Winston Abdon,,,,,,,,
9553,910,Winston Abdon,,,,,,,,
9554,910,Winston Abdon,,,,,,,,
9555,910,Winston Abdon,,,,,,,,
9556,910,Winston Abdon,,,,,,,,
9557,910,Winston Abdon,,,,,,,,
9558,910,Winston Abdon,,,,,,,,
9559,910,Winston Abdon,Fire Warden,,,,,,,
9560,910,Winston Abdon,,,,,,,,
9561,910,Winston Abdon,,,,,,,,
9562,910,Winston Abdon,,,,,,,,
9563,910,Winston Abdon,,,,,,,,
9564,910,Winston Abdon,,,,,,,,
9565,910,Winston Abdon,,,,,,,,
9566,910,Winston Abdon,,,,,,,,
9567,910,Winston Abdon,,,,,,,,
9568,910,Winston Abdon,,,,,,,,
9569,910,Winston Abdon,,,,,,,,
9570,910,Winston Abdon,,,,,,,,
9571,920,Winston Abdon,,,,,,,,
9572,920,Winston Abdon,,,,,,,,
9573,920,Winston Abdon,,,,,,,,
9574,920,Winston Abdon,,,,,,,,
9575,920,Winston Abdon,,,,,,,,
9576,920,Winston Abdon,,,,,,,,
9577,920,Winston Abdon,,,,,,,,
9578,920,Winston Abdon,,,,,,,,
9579,920,Winston Abdon,Fire Warden,,,,,,,
9580,920,Winston Abdon,,,,,,,,
9581,920,Winston Abdon,,,,,,,,
9582,920,Winston Abdon,,,,,,,,
9583,920,Winston Abdon,,,,,,,,
9584,920,Winston Abdon,,,,,,,,
9585,920,Winston Abdon,,,,,,,,
9586,920,Winston Abdon,,,,,,,,
9587,1010,Cathy Alexander,Fire Warden,,,,,,,
9588,1010,Cathy Alexander,,,,,,,,
9589,1010,Cathy Alexander,,,,,,,,
9590,1010,Cathy Alexander,,,,,,,,
9591,1010,Cathy Alexander,,,,,,,,
9592,1010,Cathy Alexander,,,,,,,,
9593,1010,Cathy Alexander,,,,,,,,
9594,1010,Cathy Alexander,,,,,,,,
9595,1010,Cathy Alexander,,,,,,,,
9596,1050,Cathy Alexander,,,,,,,,
9597,1050,Cathy Alexander,,,,,,,,
9598,1050,Cathy Alexander,First Aid,,,,,,,
9599,1050,Cathy Alexander,,,,,,,,
9600,1050,Cathy Alexander,,,,,,,,
9601,1050,Cathy Alexander,,,,,,,,
9602,1050,Cathy Alexander,,,,,,,,
9603,1050,Cathy Alexander,,,,,,,,
9604,1050,Cathy Alexander,First Aid,,,,,,,
9605,1050,Cathy Alexander,,,,,,,,
9606,1050,Cathy Alexander,,,,,,,,
9607,1050,Cathy Alexander,Fire Warden,,,,,,,
9608,1050,Cathy Alexander,,,,,,,,
9609,1050,Cathy Alexander,,,,,,,,
9610,1120,Frank Aziz,,,,,,,,
9611,1120,Frank Aziz,,,,,,,,
9612,1120,Frank Aziz,,,,,,,,
9613,1120,Frank Aziz,,,,,,,,
9614,1120,Frank Aziz,,,,,,,,
9615,1120,Frank Aziz,,,,,,,,
9616,1120,Frank Aziz,,,,,,,,
9617,1120,Frank Aziz,,,,,,,,
9618,1120,Frank Aziz,,,,,,,,
9619,1120,Frank Aziz,,,,,,,,
9620,1120,Frank Aziz,Fire Warden,,,,,,,
9621,1120,Frank Aziz,,,,,,,,
9622,1120,Frank Aziz,,,,,,,,
9623,1120,Frank Aziz,,,,,,,,
9624,1120,Frank Aziz,,,,,,,,
9625,1120,Frank Aziz,,,,,,,,
9626,1120,Frank Aziz,,,,,,,,
9627,1120,Frank Aziz,,,,,,,,
9628,1120,Frank Aziz,,,,,,,,
9629,1120,Frank Aziz,,,,,,,,
9630,1120,Frank Aziz,,,,,,,,
9631,1120,Frank Aziz,,,,,,,,
9632,1120,Frank Aziz,,,,,,,,
9633,1120,Frank Aziz,,,,,,,,
9634,1120,Frank Aziz,,,,,,,,
9635,1120,Frank Aziz,,,,,,,,
9636,1120,Frank Aziz,First Aid,,,,,,,
9637,1120,Frank Aziz,,,,,,,,
9638,1120,Frank Aziz,,,,,,,,
9639,1120,Frank Aziz,,,,,,,,
9640,1120,Frank Aziz,,,,,,,,
9641,1120,Frank Aziz,,,,,,,,
9642,1120,Frank Aziz,,,,,,,,
9643,1120,Frank Aziz,,,,,,,,
9644,1120,Frank Aziz,,,,,,,,
9645,1120,Frank Aziz,,,,,,,,
9646,1120,Frank Aziz,,,,,,,,
9647,1120,Frank Aziz,,,,,,,,
9648,1120,Frank Aziz,,,,,,,,
9649,1120,Frank Aziz,,,,,,,,
9650,1120,Frank Aziz,,,,,,,,
9651,1120,Frank Aziz,,,,,,,,
9652,1120,Frank Aziz,,,,,,,,
9653,1120,Frank Aziz,,,,,,,,
9654,1120,Frank Aziz,Fire Warden,,,,,,,
9655,1120,Frank Aziz,,,,,,,,
9656,1120,Frank Aziz,First Aid,,,,,,,
9657,1120,Frank Aziz,,,,,,,,
9658,1120,Frank Aziz,,,,,,,,
9659,1120,Frank Aziz,,,,,,,,
9660,1120,Frank Aziz,,,,,,,,
9661,1120,Frank Aziz,,,,,,,,
9662,1120,Frank Aziz,First Aid,,,,,,,
9663,1120,Frank Aziz,,,,,,,,
9664,1120,Frank Aziz,,,,,,,,
9665,1120,Frank Aziz,,,,,,,,
9666,1120,Frank Aziz,,,,,,,,
9667,1120,Frank Aziz,,,,,,,,
9668,1120,Frank Aziz,,,,,,,,
9669,1120,Frank Aziz,,,,,,,,
9670,1120,Frank Aziz,,,,,,,,
9671,1120,Frank Aziz,,,,,,,,
9672,1120,Frank Aziz,,,,,,,,
9673,1120,Frank Aziz,,,,,,,,
9674,1120,Frank Aziz,,,,,,,,
9675,1120,Frank Aziz,Fire Warden,,,,,,,
9676,1120,Frank Aziz,,,,,,,,
9677,1120,Frank Aziz,,,,,,,,
9678,1120,Frank Aziz,,,,,,,,
9679,1120,Frank Aziz,,,,,,,,
9680,1120,Frank Aziz,,,,,,,,
9681,1120,Frank Aziz,First Aid,,,,,,,
9682,1120,Frank Aziz,,,,,,,,
9683,1120,Frank Aziz,Fire Warden,,,,,,,
9684,1120,Frank Aziz,,,,,,,,
9685,1150,Frank Aziz,,,,,,,,
9686,1150,Frank Aziz,,,,,,,,
9687,1150,Frank Aziz,,,,,,,,
9688,1150,Frank Aziz,,,,,,,,
9689,1150,Frank Aziz,,,,,,,,
9690,1150,Frank Aziz,,,,,,,,
9691,1150,Frank Aziz,,,,,,,,
9692,1150,Frank Aziz,,,,,,,,
9693,1150,Frank Aziz,,,,,,,,
9694,1150,Frank Aziz,,,,,,,,
9695,1150,Frank Aziz,,,,,,,,
9696,1150,Frank Aziz,First Aid,,,,,,,
9697,1150,Frank Aziz,,,,,,,,
9698,1150,Frank Aziz,,,,,,,,
9699,1150,Frank Aziz,,,,,,,,
9700,1150,Frank Aziz,,,,,,,,
9701,1150,Frank Aziz,,,,,,,,
9702,1150,Frank Aziz,,,,,,,,
9703,1160,Frank Aziz,,,,,,,,
9704,1160,Frank Aziz,,,,,,,,
9705,1160,Frank Aziz,,,,,,,,
9706,1160,Frank Aziz,,,,,,,,
9707,1160,Frank Aziz,Fire Warden,,,,,,,
9708,1160,Frank Aziz,,,,,,,,
9709,1160,Frank Aziz,,,,,,,,
9710,1160,Frank Aziz,,,,,,,,
9711,1160,Frank Aziz,First Aid,,,,,,,
9712,1160,Frank Aziz,,,,,,,,
9713,1160,Frank Aziz,,,,,,,,
9714,1160,Frank Aziz,,,,,,,,
9715,1160,Frank Aziz,,,,,,,,
9716,1160,Frank Aziz,,,,,,,,
9717,1230,Wendi Amaral,Fire Warden,,,,,,,
9718,1230,Wendi Amaral,First Aid,,,,,,,
9719,1230,Wendi Amaral,,,,,,,,
9720,1230,Wendi Amaral,,,,,,,,
9721,1230,Wendi Amaral,,,,,,,,
9722,1230,Wendi Amaral,,,,,,,,
9723,1230,Wendi Amaral,First Aid,,,,,,,
9724,1230,Wendi Amaral,Fire Warden,,,,,,,
9725,1230,Wendi Amaral,,,,,,,,
9726,1230,Wendi Amaral,,,,,,,,
9727,1230,Wendi Amaral,,,,,,,,
9728,1230,Wendi Amaral,,,,,,,,
9729,1230,Wendi Amaral,,,,,,,,
9730,1230,Wendi Amaral,,,,,,,,
9731,1230,Wendi Amaral,,,,,,,,
9732,1230,Wendi Amaral,,,,,,,,
9733,1230,Wendi Amaral,,,,,,,,
9734,1230,Wendi Amaral,,,,,,,,
9735,1230,Wendi Amaral,,,,,,,,
9736,1230,Wendi Amaral,,,,,,,,
9737,1230,Wendi Amaral,,,,,,,,
9738,1230,Wendi Amaral,,,,,,,,
9739,1230,Wendi Amaral,,,,,,,,
9740,1230,Wendi Amaral,First Aid,,,,,,,
9741,1230,Wendi Amaral,,,,,,,,
9742,1230,Wendi Amaral,,,,,,,,
9743,1230,Wendi Amaral,,,,,,,,
9744,1260,Wendi Amaral,,,,,,,,
9745,1260,Wendi Amaral,,,,,,,,
9746,1260,Wendi Amaral,,,,,,,,
9747,1260,Wendi Amaral,,,,,,,,
9748,1260,Wendi Amaral,,,,,,,,
9749,1260,Wendi Amaral,,,,,,,,
9750,1260,Wendi Amaral,,,,,,,,
9751,1260,Wendi Amaral,,,,,,,,
9752,1260,Wendi Amaral,,,,,,,,
9753,1260,Wendi Amaral,,,,,,,,
9755,1260,Wendi Amaral,,,,,,,,
9756,1260,Wendi Amaral,,,,,,,,
9757,1260,Wendi Amaral,,,,,,,,
9758,1260,Wendi Amaral,First Aid,,,,,,,
9759,1260,Wendi Amaral,,,,,,,,
9760,1270,Wendi Amaral,,,,,,,,
9761,1270,Wendi Amaral,,,,,,,,
9762,1270,Wendi Amaral,,,,,,,,
9763,1270,Wendi Amaral,,,,,,,,
9764,1270,Wendi Amaral,,,,,,,,
9765,1270,Wendi Amaral,,,,,,,,
9766,1270,Wendi Amaral,,,,,,,,
9767,1270,Wendi Amaral,,,,,,,,
9768,1270,Wendi Amaral,,,,,,,,
9769,1270,Wendi Amaral,,,,,,,,
9770,1270,Wendi Amaral,,,,,,,,
9771,1270,Wendi Amaral,,,,,,,,
9772,1270,Wendi Amaral,,,,,,,,
9773,1270,Crystal Allen,Fire Warden,,,,,,,
9774,1270,Wendi Amaral,,,,,,,,
9775,1270,Wendi Amaral,,,,,,,,
9776,1270,Wendi Amaral,,,,,,,,
9777,1270,Wendi Amaral,,,,,,,,
9778,1270,Wendi Amaral,,,,,,,,
9779,1270,Wendi Amaral,,,,,,,,
9780,1270,Wendi Amaral,,,,,,,,
9781,1270,Wendi Amaral,,,,,,,,
9782,1270,Wendi Amaral,,,,,,,,
9783,1270,Wendi Amaral,,,,,,,,
9784,1270,Wendi Amaral,,,,,,,,
9785,1270,Wendi Amaral,,,,,,,,
9786,1270,Wendi Amaral,,,,,,,,
9787,1270,Wendi Amaral,,,,,,,,
9788,1270,Wendi Amaral,,,,,,,,
9789,1270,Wendi Amaral,,,,,,,,
9790,1270,Wendi Amaral,First Aid,,,,,,,
9791,1310,Rob Aceto,Fire Warden,,,,,,,
9792,1310,Rob Aceto,,,,,,,,
9793,1310,Rob Aceto,,,,,,,,
9794,1310,Rob Aceto,,,,,,,,
9795,1310,Rob Aceto,,,,,,,,
9796,1310,Rob Aceto,,,,,,,,
9797,1310,Rob Aceto,,,,,,,,
9798,1310,Rob Aceto,,,,,,,,
9799,1310,Rob Aceto,,,,,,,,
9800,1310,Rob Aceto,,,,,,,,
9801,1310,Rob Aceto,Fire Warden,,,,,,,
9802,1310,Rob Aceto,,,,,,,,
9803,1310,Rob Aceto,,,,,,,,
9804,1310,Rob Aceto,,,,,,,,
9805,1310,Rob Aceto,,,,,,,,
9806,1310,Rob Aceto,,,,,,,,
9807,1310,Rob Aceto,,,,,,,,
9808,1310,Rob Aceto,,,,,,,,
9809,1310,Rob Aceto,,,,,,,,
9810,1310,Rob Aceto,,,,,,,,
9811,1310,Rob Aceto,,,,,,,,
9812,1310,Rob Aceto,First Aid,,,,,,,
9813,1310,Rob Aceto,First Aid,,,,,,,
9814,1310,Rob Aceto,,,,,,,,
9815,1310,Rob Aceto,,,,,,,,
9816,1310,Rob Aceto,,,,,,,,
9817,1310,Rob Aceto,,,,,,,,
9818,1310,Rob Aceto,,,,,,,,
9819,1310,Rob Aceto,,,,,,,,
9820,1310,Rob Aceto,,,,,,,,
9821,1310,Rob Aceto,,,,,,,,
9822,1310,Rob Aceto,,,,,,,,
9823,,,,,,,,,,
9824,1310,Rob Aceto,,,,,,,,
9825,1330,Rob Aceto,,,,,,,,
9826,1330,Rob Aceto,First Aid,,,,,,,
9827,1330,Rob Aceto,,,,,,,,
9828,1330,Rob Aceto,,,,,,,,
9829,1340,Rob Aceto,,,,,,,,
9830,1340,Rob Aceto,,,,,,,,
9831,1345,Rob Aceto,,,,,,,,
9832,1340,Rob Aceto,,,,,,,,
9833,1340,Rob Aceto,,,,,,,,
9834,1340,Rob Aceto,,,,,,,,
9835,1340,Rob Aceto,,,,,,,,
9836,1340,Rob Aceto,,,,,,,,
9837,1400,Miriam Adams,,,,,,,,
9838,1400,Miriam Adams,,,,,,,,
9839,1400,Miriam Adams,,,,,,,,
9840,1400,Miriam Adams,,,,,,,,
9841,1400,Miriam Adams,,,,,,,,
9842,1400,Miriam Adams,,,,,,,,
9843,1400,Miriam Adams,Fire Warden,,,,,,,
9844,1400,Miriam Adams,,,,,,,,
9845,1400,Miriam Adams,,,,,,,,
9846,1400,Miriam Adams,,,,,,,,
9847,1400,Miriam Adams,,,,,,,,
9848,1410,Miriam Adams,Fire Warden,,,,,,,
9849,1410,Miriam Adams,,,,,,,,
9850,1410,Miriam Adams,,,,,,,,
9851,1410,Miriam Adams,,,,,,,,
9852,1410,Miriam Adams,,,,,,,,
9853,1410,Miriam Adams,Fire Warden,,,,,,,
9854,1410,Miriam Adams,,,,,,,,
9855,1420,Miriam Adams,,,,,,,,
9856,1420,Miriam Adams,,,,,,,,
9857,1420,Miriam Adams,,,,,,,,
9858,1420,Miriam Adams,,,,,,,,
9859,1420,Miriam Adams,Fire Warden,,,,,,,
9860,1420,Miriam Adams,,,,,,,,
9861,1420,Miriam Adams,,,,,,,,
9862,1420,Miriam Adams,,,,,,,,
9863,1520,Carol Amato,,,,,,,,
9864,1520,Carol Amato,,,,,,,,
9865,1520,Carol Amato,,,,,,,,
9866,1520,Carol Amato,,,,,,,,
9867,1520,Carol Amato,,,,,,,,
9868,1520,Carol Amato,,,,,,,,
9869,1520,Carol Amato,First Aid,,,,,,,
9870,1520,Carol Amato,Fire Warden,,,,,,,
9871,1520,Carol Amato,,,,,,,,
9872,1520,Carol Amato,,,,,,,,
9873,1520,Carol Amato,,,,,,,,
9874,1520,Carol Amato,,,,,,,,
9875,1520,Carol Amato,,,,,,,,
9876,1520,Carol Amato,,,,,,,,
987654,,,,,,,,,,
9877,1520,Carol Amato,,,,,,,,
9878,1520,Carol Amato,,,,,,,,
9879,1520,Carol Amato,,,,,,,,
9880,1520,Carol Amato,,,,,,,,
9881,1520,Carol Amato,,,,,,,,
9882,1520,Carol Amato,,,,,,,,
9883,1530,Carol Amato,,,,,,,,
9884,1530,Carol Amato,,,,,,,,
9885,1530,Carol Amato,,,,,,,,
9886,1530,Carol Amato,,,,,,,,
9887,1530,Carol Amato,,,,,,,,
9888,1530,Carol Amato,,,,,,,,
9889,1530,Carol Amato,,,,,,,,
9890,1530,Carol Amato,,,,,,,,
9891,1530,Carol Amato,,,,,,,,
9892,1530,Carol Amato,,,,,,,,
9893,1580,Carol Amato,,,,,,,,
9894,1580,Carol Amato,,,,,,,,
9895,1580,Carol Amato,Fire Warden,,,,,,,
9896,1580,Carol Amato,,,,,,,,
9897,1580,Carol Amato,Fire Warden,,,,,,,
9898,1580,Carol Amato,,,,,,,,
9899,1580,Carol Amato,,,,,,,,
9900,1580,Carol Amato,,,,,,,,
abbie.hendl@vvargasjroutlook.onmicrosoft.com,,,,,,,,,,
ashkon,,,,,,,,,,
AZD135,,,,,,,,,,
AZD136,,Chee Wee Yap,,,,,,,,
AZD137,,,,,,,,,,
AZD138,,,,,,,,,,
AZD139,,,,,,,,,,
AZD140,,,,,,,,,,
AZD141,,,,,,,,,,
AZD142,,,,,,,,,,
AZD143,,,,,,,,,,
AZD144,,,,,,,,,,
AZD145,,,,,,,,,,
AZD146,,,,,,,,,,
AZD147,,,,,,,,,,
AZD148,,,,,,,,,,
AZD149,,,,,,,,,,
AZD150,830,,,,,,,,,
AZD151,,Lumbergh,,,,,,,,
AZD152,1010,Lumbergh,,,,,,,,
AZD153,,Lumbergh,,,,,,,,
AZD154,,Stan,,,,,,,,
AZD155,,n/a,,,,,,,,
AZD156,,Lumbergh,,,,,,,,
AZD157,,,,,,,,,,
AZD158,,,,,,,,,,
AZD159,110,Crystal Allen,Fire Warden,,,,,,,
AZD160,1260,Wendi Amaral,First Aid,,,,,,,
AZD161,,Stan,,,,,,,,
AZD162,,,,,,,,,,
AZD163,,,,,,,,,,
AZD164,,,,,,,,,,
AZD165,,,,,,,,,,
AZD166,,,,,,,,,,
AZD167,400,,,,,,,,,
AZD168,2000,Aga Capelli,Fire Warden,,,,,,,
AZD169,,,,,,,,,,
benjawes,,,,,,,,,,
ccastro@officespacesoftware.com,,,,,,,,,,
contractor1,,,,,,,,,,
contractor2,,,,,,,,,,
D7A377EF-548B-938E-5E07-07E01823F9CA,,,,,,,,,,
E96FC79C-711D-1364-8428-E8D5EDE6B6C7,,,,,,,,,,
Future,,,,,,,,,,
Htest,,,,,,,,,,
Intern,,,,,,,,,,
mhuelsbeck@officespacesoftware.com,,,,,,,,,,
NGC1,NGC 6,,,,,,,,,
NGC10,NGC 6,,,,,,,,,
NGC11,NGC 6,,,,,,,,,
NGC12,NGC 6,,,,,,,,,
NGC13,NGC 6,,,,,,,,,
NGC14,NGC 6,,,,,,,,,
NGC15,NGC 6,,,,,,,,,
NGC16,NGC 6,,,,,,,,,
NGC17,NGC 6,,,,,,,,,
NGC18,NGC 6,,,,,,,,,
NGC19,NGC 6,,,,,,,,,
NGC2,NGC 6,,,,,,,,,
NGC20,NGC 6,,,,,,,,,
NGC21,NGC 6,,,,,,,,,
NGC22,NGC 6,,,,,,,,,
NGC23,NGC 6,,,,,,,,,
NGC24,NGC 6,,,,,,,,,
NGC25,NGC 6,,,,,,,,,
NGC26,NGC 6,,,,,,,,,
NGC27,NGC 6,,,,,,,,,
NGC28,NGC 6,,,,,,,,,
NGC29,NGC 6,,,,,,,,,
NGC3,NGC 6,,,,,,,,,
NGC30,NGC 6,,,,,,,,,
NGC31,NGC 6,,,,,,,,,
NGC32,NGC 6,,,,,,,,,
NGC33,NGC 6,,,,,,,,,
NGC34,NGC 6,,,,,,,,,
NGC35,NGC 6,,,,,,,,,
NGC36,NGC 6,,,,,,,,,
NGC37,NGC 6,,,,,,,,,
NGC38,NGC 6,,,,,,,,,
NGC39,NGC 6,,,,,,,,,
NGC4,NGC 6,,,,,,,,,
NGC40,NGC 6,,,,,,,,,
NGC41,NGC 6,,,,,,,,,
NGC42,NGC 6,,,,,,,,,
NGC43,NGC 6,,,,,,,,,
NGC44,NGC 6,,,,,,,,,
NGC45,NGC 6,,,,,,,,,
NGC46,NGC 6,,,,,,,,,
NGC47,NGC 6,,,,,,,,,
NGC48,NGC 6,,,,,,,,,
NGC49,NGC 6,,,,,,,,,
NGC5,NGC 6,,,,,,,,,
NGC50,NGC 6,,,,,,,,,
NGC51,NGC 6,,,,,,,,,
NGC52,NGC 6,,,,,,,,,
NGC53,NGC 6,,,,,,,,,
NGC54,NGC 6,,,,,,,,,
NGC55,NGC 6,,,,,,,,,
NGC6,NGC 6,,,,,,,,,
NGC7,NGC 6,,,,,,,,,
NGC8,NGC 6,,,,,,,,,
NGC9,NGC 6,,,,,,,,,
OSS,,,,,,,,,,
OSS Visitor,,,,,,,,,,
OSS_ID_000001,,,,,,,,,,
OSS_ID_000002,,,,,,,,,,
OSS_ID_000003,100,Crystal Allen,,,,,,,,
OSS_ID_000004,100,Crystal Allen,,,,,,,,
OSS_ID_000005,100,Crystal Allen,First,,,,,,,
OSS_ID_000006,100,Crystal Allen,,,,,,,,
OSS_ID_000007,100,Crystal Allen,,,,,,,,
OSS_ID_000008,100,Crystal Allen,,,,,,,,
OSS_ID_000009,100,Crystal Allen,,,,,,,,
OSS_ID_000010,100,Crystal Allen,,,,,,,,
OSS_ID_000011,,,,,,,,,,
OSS_ID_000012,,,possible,,,,,,,
OSS_ID_000013,,,possible,,,,,,,
OSS_ID_000014,,,,,,,,,,
OSS_ID_000015,,,,,,,,,,
OSS_ID_000017,,,,,,,,,,
OSS_ID_000018,,,,,,,,,,
OSS_ID_000019,,,,,,,,,,
OSS_ID_000020,,,,,,,,,,
OSS_ID_000021,,,,,,,,,,
OSS_ID_000022,,,,,,,,,,
OSS-45,9867,Some UDF,First Aider,,,,,,,
s1092122,36467,,,,,,,,,
scary1,666,,,,,,,,,
scary2,666,,,,,,,,,
scary3,666,,,,,,,,,
scary4,666,,,,,,,,,
scary5,666,,,,,,,,,
SuncorHotel,,,,,,,,,,
temp1,,,,,,,,,,
temp2,,,,,,,,,,
zzzz,,,,,,,,,,
100000,,,,,,,,,,
64E55512-5664-D506-0E5D-F4880AC178ED,,,,,,,,,,
9023,110,Crystal Allen,Fire Warden,,,,,,,
9313,410,Peri Yang,,,,,,,,
ally.yostbvie@jumpcloud.com,,,,,,,,,,
eloy.haagul9m@jumpcloud.com,,,,,,,,,,
OSS_ID_000268,,,,,,,,,,
OSS_ID_000269,,,,,,,,,,
OSS_ID_000270,,,,,,,,,,
OSS_ID_000271,,,,,,,,,,
OSS_ID_000272,,,,,,,,,,
OSS_ID_000273,,,,,,,,,,
OSS_ID_000274,,,,,,,,,,
OSS_ID_000275,,,,,,,,,,
OSS_ID_000276,,,,,,,,,,
OSS_ID_000277,,,,,,,,,,
OSS_ID_000278,,,,,,,,,,
OSS_ID_000279,,,,,,,,,,
OSS_ID_000280,,,,,,,,,,
OSS_ID_000281,,,,,,,,,,
OSS_ID_000282,,,,,,,,,,
OSS_ID_000283,,,,,,,,,,
OSS_ID_000284,,,,,,,,,,
OSS_ID_000285,,,,,,,,,,
OSS_ID_000286,,,,,,,,,,
OSS_ID_000287,,,,,,,,,,
OSS_ID_000288,,,,,,,,,,
OSS_ID_000289,,,,,,,,,,
OSS_ID_000290,,,,,,,,,,
OSS_ID_000291,,,,,,,,,,
OSS_ID_000292,,,,,,,,,,
OSS_ID_000293,,,,,,,,,,
OSS_ID_000294,,,,,,,,,,
OSS_ID_000295,,,,,,,,,,
OSS_ID_000296,,,,,,,,,,
OSS_ID_000297,,,,,,,,,,
OSS_ID_000298,,,,,,,,,,
OSS_ID_000299,,,,,,,,,,
OSS_ID_000300,,,,,,,,,,
OSS_ID_000301,,,,,,,,,,
OSS_ID_000302,,,,,,,,,,
OSS_ID_000303,,,,,,,,,,
OSS_ID_000304,,,,,,,,,,
OSS_ID_000305,,,,,,,,,,
OSS_ID_000306,,,,,,,,,,
OSS_ID_000307,,,,,,,,,,
OSS_ID_000308,,,,,,,,,,
OSS_ID_000309,,,,,,,,,,
OSS_ID_000310,,,,,,,,,,
OSS_ID_000311,,,,,,,,,,
OSS_ID_000312,,,,,,,,,,
OSS_ID_000313,,,,,,,,,,
OSS_ID_000314,,,,,,,,,,
OSS_ID_000315,,,,,,,,,,
OSS_ID_000316,,,,,,,,,,
OSS_ID_000317,,,,,,,,,,
OSS_ID_000318,,,,,,,,,,
OSS_ID_000319,,,,,,,,,,
OSS_ID_000320,,,,,,,,,,
OSS_ID_000321,,,,,,,,,,
OSS_ID_000322,,,,,,,,,,
OSS_ID_000323,,,,,,,,,,
OSS_ID_000324,,,,,,,,,,
OSS_ID_000325,,,,,,,,,,
OSS_ID_000326,,,,,,,,,,
OSS_ID_000327,,,,,,,,,,
OSS_ID_000328,,,,,,,,,,
OSS_ID_000329,,,,,,,,,,
OSS_ID_000330,,,,,,,,,,
OSS_ID_000331,,,,,,,,,,
OSS_ID_000332,,,,,,,,,,
OSS_ID_000333,,,,,,,,,,
OSS_ID_000334,,,,,,,,,,
OSS_ID_000335,,,,,,,,,,
OSS_ID_000336,,,,,,,,,,
OSS_ID_000337,,,,,,,,,,
OSS_ID_000338,,,,,,,,,,
OSS_ID_000339,,,,,,,,,,
OSS_ID_000340,,,,,,,,,,
OSS_ID_000341,,,,,,,,,,
OSS_ID_000342,,,,,,,,,,
OSS_ID_000343,,,,,,,,,,
OSS_ID_000344,,,,,,,,,,
OSS_ID_000345,,,,,,,,,,
OSS_ID_000346,,,,,,,,,,
OSS_ID_000347,,,,,,,,,,
OSS_ID_000348,,,,,,,,,,
OSS_ID_000349,,,,,,,,,,
OSS_ID_000350,,,,,,,,,,
OSS_ID_000351,,,,,,,,,,
OSS_ID_000352,,,,,,,,,,
OSS_ID_000353,,,,,,,,,,
OSS_ID_000354,,,,,,,,,,
OSS_ID_000355,,,,,,,,,,
OSS_ID_000356,,,,,,,,,,
OSS_ID_000357,,,,,,,,,,
OSS_ID_000358,,,,,,,,,,
OSS_ID_000359,,,,,,,,,,
OSS_ID_000360,,,,,,,,,,
OSS_ID_000361,,,,,,,,,,
OSS_ID_000362,,,,,,,,,,
OSS_ID_000363,,,,,,,,,,
OSS_ID_000364,,,,,,,,,,
OSS_ID_000365,,,,,,,,,,
OSS_ID_000366,,,,,,,,,,
OSS_ID_000367,,,,,,,,,,
OSS_ID_000368,,,,,,,,,,
OSS_ID_000369,,,,,,,,,,
OSS_ID_000370,,,,,,,,,,
OSS_ID_000371,,,,,,,,,,
OSS_ID_000372,,,,,,,,,,
OSS_ID_000373,,,,,,,,,,
OSS_ID_000374,,,,,,,,,,
OSS_ID_000375,,,,,,,,,,
OSS_ID_000376,,,,,,,,,,
OSS_ID_000377,,,,,,,,,,
OSS_ID_000378,,,,,,,,,,
OSS_ID_000379,,,,,,,,,,
OSS_ID_000380,,,,,,,,,,
OSS_ID_000381,,,,,,,,,,
OSS_ID_000382,,,,,,,,,,
OSS_ID_000383,,,,,,,,,,
OSS_ID_000384,,,,,,,,,,
OSS_ID_000385,,,,,,,,,,
OSS_ID_000386,,,,,,,,,,
OSS_ID_000387,,,,,,,,,,
OSS_ID_000388,,,,,,,,,,
OSS_ID_000389,,,,,,,,,,
OSS_ID_000390,,,,,,,,,,
OSS_ID_000391,,,,,,,,,,
OSS_ID_000392,,,,,,,,,,
OSS_ID_000393,,,,,,,,,,
OSS_ID_000394,,,,,,,,,,
OSS_ID_000395,,,,,,,,,,
OSS_ID_000396,,,,,,,,,,
OSS_ID_000397,,,,,,,,,,
OSS_ID_000398,,,,,,,,,,
OSS_ID_000399,,,,,,,,,,
OSS_ID_000400,,,,,,,,,,
OSS_ID_000401,,,,,,,,,,
OSS_ID_000402,,,,,,,,,,
OSS_ID_000403,,,,,,,,,,
OSS_ID_000404,,,,,,,,,,
OSS_ID_000405,,,,,,,,,,
OSS_ID_000406,,,,,,,,,,
OSS_ID_000407,,,,,,,,,,
OSS_ID_000408,,,,,,,,,,
OSS_ID_000409,,,,,,,,,,
OSS_ID_000410,,,,,,,,,,
OSS_ID_000411,,,,,,,,,,
OSS_ID_000412,,,,,,,,,,
OSS_ID_000413,,,,,,,,,,
OSS_ID_000414,,,,,,,,,,
OSS_ID_000415,,,,,,,,,,
OSS_ID_000416,,,,,,,,,,
OSS_ID_000417,,,,,,,,,,
OSS_ID_000418,,,,,,,,,,
OSS_ID_000419,,,,,,,,,,
OSS_ID_000420,,,,,,,,,,
OSS_ID_000421,,,,,,,,,,
OSS_ID_000422,,,,,,,,,,
OSS_ID_000423,,,,,,,,,,
OSS_ID_000424,,,,,,,,,,
OSS_ID_000425,,,,,,,,,,
OSS_ID_000426,,,,,,,,,,
OSS_ID_000427,,,,,,,,,,
OSS_ID_000428,,,,,,,,,,
OSS_ID_000429,,,,,,,,,,
OSS_ID_000430,,,,,,,,,,
OSS_ID_000431,,,,,,,,,,
OSS_ID_000432,,,,,,,,,,
OSS_ID_000433,,,,,,,,,,
OSS_ID_000434,,,,,,,,,,
OSS_ID_000435,,,,,,,,,,
OSS_ID_000436,,,,,,,,,,
OSS_ID_000437,,,,,,,,,,
OSS_ID_000438,,,,,,,,,,
OSS_ID_000439,,,,,,,,,,
OSS_ID_000440,,,,,,,,,,
OSS_ID_000441,,,,,,,,,,
OSS_ID_000442,,,,,,,,,,
OSS_ID_000443,,,,,,,,,,
OSS_ID_000444,,,,,,,,,,
OSS_ID_000445,,,,,,,,,,
OSS_ID_000446,,,,,,,,,,
OSS_ID_000447,,,,,,,,,,
OSS_ID_000448,,,,,,,,,,
OSS_ID_000449,,,,,,,,,,
OSS_ID_000450,,,,,,,,,,
OSS_ID_000451,,,,,,,,,,
OSS_ID_000452,,,,,,,,,,
OSS_ID_000453,,,,,,,,,,
OSS_ID_000454,,,,,,,,,,
OSS_ID_000455,,,,,,,,,,
OSS_ID_000456,,,,,,,,,,
OSS_ID_000457,,,,,,,,,,
OSS_ID_000458,,,,,,,,,,
OSS_ID_000459,,,,,,,,,,
OSS_ID_000460,,,,,,,,,,
OSS_ID_000461,,,,,,,,,,
OSS_ID_000462,,,,,,,,,,
OSS_ID_000463,,,,,,,,,,
OSS_ID_000464,,,,,,,,,,
OSS_ID_000465,,,,,,,,,,
OSS_ID_000466,,,,,,,,,,
OSS_ID_000467,,,,,,,,,,
OSS_ID_000468,,,,,,,,,,
OSS_ID_000469,,,,,,,,,,
OSS_ID_000470,,,,,,,,,,
OSS_ID_000471,,,,,,,,,,
OSS_ID_000472,,,,,,,,,,
OSS_ID_000473,,,,,,,,,,
OSS_ID_000474,,,,,,,,,,
OSS_ID_000475,,,,,,,,,,
OSS_ID_000476,,,,,,,,,,
OSS_ID_000477,,,,,,,,,,
OSS_ID_000478,,,,,,,,,,
OSS_ID_000479,,,,,,,,,,
OSS_ID_000480,,,,,,,,,,
OSS_ID_000481,,,,,,,,,,
OSS_ID_000482,,,,,,,,,,
OSS_ID_000483,,,,,,,,,,
OSS_ID_000484,,,,,,,,,,
OSS_ID_000485,,,,,,,,,,
OSS_ID_000486,,,,,,,,,,
OSS_ID_000487,,,,,,,,,,
OSS_ID_000488,,,,,,,,,,
OSS_ID_000489,,,,,,,,,,
OSS_ID_000490,,,,,,,,,,
OSS_ID_000491,,,,,,,,,,
OSS_ID_000492,,,,,,,,,,
OSS_ID_000493,,,,,,,,,,
OSS_ID_000494,,,,,,,,,,
OSS_ID_000495,,,,,,,,,,
OSS_ID_000496,,,,,,,,,,
OSS_ID_000497,,,,,,,,,,
OSS_ID_000498,,,,,,,,,,
OSS_ID_000499,,,,,,,,,,
OSS_ID_000500,,,,,,,,,,
OSS_ID_000501,,,,,,,,,,
OSS_ID_000502,,,,,,,,,,
OSS_ID_000503,,,,,,,,,,
OSS_ID_000504,,,,,,,,,,
OSS_ID_000505,,,,,,,,,,
OSS_ID_000506,,,,,,,,,,
OSS_ID_000507,,,,,,,,,,
OSS_ID_000508,,,,,,,,,,
OSS_ID_000509,,,,,,,,,,
OSS_ID_000510,,,,,,,,,,
OSS_ID_000511,,,,,,,,,,
OSS_ID_000512,,,,,,,,,,
